222032699,awbpjx
967662254,jgykp
743953236,jmmut
66231028,bjcsd
422471974,bfqixg
951122619,unfikz
987583442,cfmlgu
491983427,mqeefj
890280706,vbhcus
357603396,vdsnh
31941874,ewsqou
962533448,uemnl
706362371,weqief
465537953,vhebdl
576053834,lomdvb
949016752,okjtc
659995507,scspif
105983604,msbem
4851042,pdaviy
87831061,iwxuim
934067841,wtfnj
989438166,asaypw
380413342,mxavg
121046533,gpdvk
294531004,xgawke
581671325,demcf
610420565,yhgxde
11792772,urnxwm
78784142,rezvrz
421607965,fhikit
364161675,gfqep
761557028,cpgrd
739141452,auseb
742044030,xsrjo
52760161,qryvt
450252689,qrtiwq
97584541,fabcx
405174376,oifabd
803435958,syiws
475694861,mhuxo
87349871,jjlews
299304587,dshrjs
926014546,gswtc
474182439,ajtshi
579587041,sbymq
638357856,lodss
23230479,elhxe
565881559,nerby
232988812,urblqf
721156747,wagygm
722312831,nkqtak
547540689,oicvd
181728423,jkiacr
616415943,sbwxv
576842012,imobxr
616715842,xhlni
922880898,hoqkjg
231007298,tsdwd
830825486,bwehgs
747139611,rwaojm
556554938,mrvzxy
549914961,lyipt
782947644,dgnla
88765655,bhnyi
673799053,yokrr
279972377,pmgydl
476151243,thxdmd
169712562,ftfis
932328736,pcgish
50855858,jstvl
865812003,fstrqn
646368828,cnjmr
284724549,vpstm
686499412,vztwet
233415980,exlqcq
774075109,slfju
29229175,tkovwf
457657228,kplvjj
777586325,msskze
257558164,avdln
990162133,jvdpp
278643017,fcsrf
285049643,mybiym
322376928,xdeqiu
39854007,rghgf
901822747,nehyum
669508922,yqfmg
855178790,sfjxs
754475033,ttpxhq
482804516,ixgap
885717039,ejkak
681764164,xnptkd
455609798,qcumi
660439982,cyfmhl
355081438,kezyz
160663654,nnwsxy
318870518,jyyuki
72823215,zgdwe
745749135,obvnq
932859237,juziua
